{
  "model/jqueryMask.js": 1600453667323,
  "i18n/i18n.properties": 1600105320000,
  "controller/DetalhesRegulador.controller.js": 1599860763000,
  "manifest.json": 1600460185331,
  "test/unit/model/models.js": 1598018186000,
  "test/unit/model/formatter.js": 1598018186000,
  "test/unit/helper/FakeI18nModel.js": 1598018186000,
  "test/integration/pages/App.js": 1598018186000,
  "test/integration/arrangements/Startup.js": 1598018186000,
  "test/integration/arrangements/FLP.js": 1598018186000,
  "test/unit/unitTests.qunit.js": 1598018186000,
  "test/unit/AllTests.js": 1598018186000,
  "test/integration/opaTests.qunit.js": 1598018186000,
  "test/integration/NavigationJourney.js": 1598018186000,
  "test/integration/AllJourneys.js": 1598018186000,
  "test/testsuite.qunit.js": 1598018186000,
  "test/initFlpSandbox.js": 1598018186000,
  "test/flpSandbox.js": 1598018186000,
  "model/models.js": 1599836260000,
  "i18n/i18n_pt_BR.properties": 1600458141676,
  "model/formatter.js": 1600366039000,
  "localService/mockserver.js": 1598018186000,
  "controller/UsuariosList.controller.js": 1600448109922,
  "controller/Temas.controller.js": 1600367933000,
  "controller/ReguladoresList.controller.js": 1600450311822,
  "controller/NotFound.controller.js": 1598018186000,
  "controller/ErrorHandler.js": 1599341167000,
  "controller/DetalhesUsuario.controller.js": 1600458264437,
  "controller/DetalhesTema.controller.js": 1600378831000,
  "model/CriteriosAvaliacao.json": 1599826193000,
  "controller/DetalhesComissao.controller.js": 1600405675000,
  "controller/ComissoesList.controller.js": 1600453546417,
  "controller/BaseController.js": 1599865029000,
  "controller/App.controller.js": 1599865084000,
  "Component.js": 1599828182000,
  "manifest-bundle.zip": 1600460184490,
  "Component-preload.js": 1600460185072,
  "test/integration/arrangements/Startup-dbg.js": 1598018186000,
  "test/unit/model/formatter-dbg.js": 1598018186000,
  "test/unit/helper/FakeI18nModel-dbg.js": 1598018186000,
  "test/integration/pages/App-dbg.js": 1598018186000,
  "test/unit/model/models-dbg.js": 1598018186000,
  "test/integration/arrangements/FLP-dbg.js": 1598018186000,
  "test/unit/unitTests.qunit-dbg.js": 1598018186000,
  "test/unit/AllTests-dbg.js": 1598018186000,
  "test/integration/opaTests.qunit-dbg.js": 1598018186000,
  "test/integration/NavigationJourney-dbg.js": 1598018186000,
  "test/integration/AllJourneys-dbg.js": 1598018186000,
  "test/testsuite.qunit-dbg.js": 1598018186000,
  "test/initFlpSandbox-dbg.js": 1598018186000,
  "test/flpSandbox-dbg.js": 1598018186000,
  "model/models-dbg.js": 1599836260000,
  "model/jqueryMask-dbg.js": 1600453667323,
  "model/formatter-dbg.js": 1600366039000,
  "localService/mockserver-dbg.js": 1598018186000,
  "controller/UsuariosList-dbg.controller.js": 1600448109922,
  "controller/Temas-dbg.controller.js": 1600367933000,
  "controller/ReguladoresList-dbg.controller.js": 1600450311822,
  "controller/NotFound-dbg.controller.js": 1598018186000,
  "controller/ErrorHandler-dbg.js": 1599341167000,
  "controller/DetalhesUsuario-dbg.controller.js": 1600458264437,
  "controller/DetalhesTema-dbg.controller.js": 1600378831000,
  "controller/DetalhesRegulador-dbg.controller.js": 1599860763000,
  "controller/DetalhesComissao-dbg.controller.js": 1600405675000,
  "controller/ComissoesList-dbg.controller.js": 1600453546417,
  "controller/BaseController-dbg.js": 1599865029000,
  "controller/App-dbg.controller.js": 1599865084000,
  "Component-dbg.js": 1599828182000,
  "resources.json": 1600460185336,
  "view/fragments/Representantes.fragment.xml": 1599442885000,
  "view/fragments/Reguladores.fragment.xml": 1599861455000,
  "view/fragments/DashBoard.fragment.xml": 1600354319000,
  "view/fragments/CriteriosAvaliacaoReview.fragment.xml": 1599842201000,
  "view/fragments/CriteriosAvaliacao.fragment.xml": 1599838207000,
  "view/fragments/ComissoesRepresentante.fragment.xml": 1599430293000,
  "view/fragments/Comissoes.fragment.xml": 1599098041000,
  "view/fragments/AvaliacaoDetalhesPopover.fragment.xml": 1599832508000,
  "test/unit/unitTests.qunit.html": 1598018186000,
  "test/integration/opaTests.qunit.html": 1598018186000,
  "view/UsuariosList.view.xml": 1600439649071,
  "view/Temas.view.xml": 1600366767000,
  "view/ReguladoresList.view.xml": 1600449211522,
  "view/ObjectNotFound.view.xml": 1598018186000,
  "view/NotFound.view.xml": 1598018186000,
  "view/DetalhesUsuario.view.xml": 1600458180624,
  "view/DetalhesTema.view.xml": 1600364173000,
  "view/DetalhesRegulador.view.xml": 1600402325000,
  "view/DetalhesComissao.view.xml": 1600402968000,
  "view/ComissoesList.view.xml": 1600452834114,
  "view/App.view.xml": 1598018186000,
  "test/testsuite.qunit.html": 1598018186000,
  "test/flpSandbox.html": 1598018186000,
  "localService/metadata.xml": 1598018186000,
  "test.html": 1598018186000,
  "index.html": 1599015296000
}