{
  "controller/DetalhesTema.controller.js": 1598995627000,
  "test/integration/NavigationJourney.js": 1598018186000,
  "test/unit/model/models.js": 1598018186000,
  "test/unit/model/formatter.js": 1598018186000,
  "test/unit/helper/FakeI18nModel.js": 1598018186000,
  "test/integration/pages/App.js": 1598018186000,
  "test/integration/arrangements/Startup.js": 1598018186000,
  "test/integration/arrangements/FLP.js": 1598018186000,
  "test/unit/unitTests.qunit.js": 1598018186000,
  "test/unit/AllTests.js": 1598018186000,
  "test/integration/opaTests.qunit.js": 1598018186000,
  "manifest.json": 1599048345887,
  "test/integration/AllJourneys.js": 1598018186000,
  "test/testsuite.qunit.js": 1598018186000,
  "test/initFlpSandbox.js": 1598018186000,
  "test/flpSandbox.js": 1598018186000,
  "model/models.js": 1598567205000,
  "model/formatter.js": 1598829398000,
  "localService/mockserver.js": 1598018186000,
  "controller/Temas.controller.js": 1598821292000,
  "controller/NotFound.controller.js": 1598018186000,
  "controller/ErrorHandler.js": 1598018186000,
  "i18n/i18n.properties": 1598898876000,
  "controller/BaseController.js": 1598576178000,
  "controller/App.controller.js": 1598018186000,
  "Component.js": 1598576612000,
  "manifest-bundle.zip": 1599048345253,
  "Component-preload.js": 1599048345654,
  "test/unit/helper/FakeI18nModel-dbg.js": 1598018186000,
  "test/unit/model/formatter-dbg.js": 1598018186000,
  "test/unit/model/models-dbg.js": 1598018186000,
  "test/integration/arrangements/Startup-dbg.js": 1598018186000,
  "test/integration/arrangements/FLP-dbg.js": 1598018186000,
  "test/integration/pages/App-dbg.js": 1598018186000,
  "test/unit/unitTests.qunit-dbg.js": 1598018186000,
  "test/unit/AllTests-dbg.js": 1598018186000,
  "test/integration/opaTests.qunit-dbg.js": 1598018186000,
  "test/integration/NavigationJourney-dbg.js": 1598018186000,
  "test/integration/AllJourneys-dbg.js": 1598018186000,
  "test/testsuite.qunit-dbg.js": 1598018186000,
  "test/initFlpSandbox-dbg.js": 1598018186000,
  "test/flpSandbox-dbg.js": 1598018186000,
  "model/models-dbg.js": 1598567205000,
  "model/formatter-dbg.js": 1598829398000,
  "localService/mockserver-dbg.js": 1598018186000,
  "controller/Temas-dbg.controller.js": 1598821292000,
  "controller/NotFound-dbg.controller.js": 1598018186000,
  "controller/ErrorHandler-dbg.js": 1598018186000,
  "controller/DetalhesTema-dbg.controller.js": 1598995627000,
  "controller/BaseController-dbg.js": 1598576178000,
  "controller/App-dbg.controller.js": 1598018186000,
  "Component-dbg.js": 1598576612000,
  "resources.json": 1599048345898,
  "view/fragments/Representantes.fragment.xml": 1598994734000,
  "view/fragments/Comissoes.fragment.xml": 1598620326000,
  "test/unit/unitTests.qunit.html": 1598018186000,
  "test/integration/opaTests.qunit.html": 1598018186000,
  "view/Temas.view.xml": 1598898864000,
  "view/ObjectNotFound.view.xml": 1598018186000,
  "view/NotFound.view.xml": 1598018186000,
  "view/DetalhesTema.view.xml": 1598816503000,
  "view/App.view.xml": 1598018186000,
  "test/testsuite.qunit.html": 1598018186000,
  "test/flpSandbox.html": 1598018186000,
  "localService/metadata.xml": 1598018186000,
  "test.html": 1598018186000,
  "index.html": 1599015296000
}