{
    "resources": [
        {
            "name": "i18n/i18n.properties",
            "raw": "i18n/i18n.properties"
        },
        {
            "name": "manifest.json"
        },
        {
            "name": "model/models.js"
        },
        {
            "name": "model/formatter.js"
        },
        {
            "name": "localService/mockserver.js"
        },
        {
            "name": "controller/UsuariosList.controller.js"
        },
        {
            "name": "controller/Temas.controller.js"
        },
        {
            "name": "controller/NotFound.controller.js"
        },
        {
            "name": "controller/ErrorHandler.js"
        },
        {
            "name": "controller/DetalhesUsuario.controller.js"
        },
        {
            "name": "controller/DetalhesTema.controller.js"
        },
        {
            "name": "controller/BaseController.js"
        },
        {
            "name": "controller/App.controller.js"
        },
        {
            "name": "Component.js"
        },
        {
            "name": "manifest-bundle.zip"
        },
        {
            "name": "Component-preload.js",
            "merged": true
        },
        {
            "name": "model/models-dbg.js",
            "isDebug": true
        },
        {
            "name": "model/formatter-dbg.js",
            "isDebug": true
        },
        {
            "name": "localService/mockserver-dbg.js",
            "isDebug": true
        },
        {
            "name": "controller/UsuariosList-dbg.controller.js",
            "isDebug": true
        },
        {
            "name": "controller/Temas-dbg.controller.js",
            "isDebug": true
        },
        {
            "name": "controller/NotFound-dbg.controller.js",
            "isDebug": true
        },
        {
            "name": "controller/ErrorHandler-dbg.js",
            "isDebug": true
        },
        {
            "name": "controller/DetalhesUsuario-dbg.controller.js",
            "isDebug": true
        },
        {
            "name": "controller/DetalhesTema-dbg.controller.js",
            "isDebug": true
        },
        {
            "name": "controller/BaseController-dbg.js",
            "isDebug": true
        },
        {
            "name": "controller/App-dbg.controller.js",
            "isDebug": true
        },
        {
            "name": "Component-dbg.js",
            "isDebug": true
        },
        {
            "name": "../../sap-ui-version.json"
        },
        {
            "name": "view/fragments/Representantes.fragment.xml"
        },
        {
            "name": "view/fragments/ComissoesRepresentante.fragment.xml"
        },
        {
            "name": "view/fragments/Comissoes.fragment.xml"
        },
        {
            "name": "view/UsuariosList.view.xml"
        },
        {
            "name": "view/Temas.view.xml"
        },
        {
            "name": "view/ObjectNotFound.view.xml"
        },
        {
            "name": "view/NotFound.view.xml"
        },
        {
            "name": "view/DetalhesUsuario.view.xml"
        },
        {
            "name": "view/DetalhesTema.view.xml"
        },
        {
            "name": "view/App.view.xml"
        },
        {
            "name": "localService/metadata.xml"
        },
        {
            "name": "i18n/i18n_pt_BR.properties",
            "raw": "i18n/i18n.properties",
            "locale": "_pt_BR"
        },
        {
            "name": "index.html"
        }
    ]
}