{
  "controller/BaseController.js": 1598576178000,
  "i18n/i18n_pt_BR.properties": 1599436699000,
  "test/unit/helper/FakeI18nModel.js": 1598018186000,
  "test/unit/model/models.js": 1598018186000,
  "test/unit/model/formatter.js": 1598018186000,
  "manifest.json": 1599738486109,
  "test/integration/pages/App.js": 1598018186000,
  "test/integration/arrangements/Startup.js": 1598018186000,
  "test/integration/arrangements/FLP.js": 1598018186000,
  "test/unit/unitTests.qunit.js": 1598018186000,
  "test/unit/AllTests.js": 1598018186000,
  "test/integration/opaTests.qunit.js": 1598018186000,
  "test/integration/NavigationJourney.js": 1598018186000,
  "test/integration/AllJourneys.js": 1598018186000,
  "test/testsuite.qunit.js": 1598018186000,
  "test/initFlpSandbox.js": 1598018186000,
  "test/flpSandbox.js": 1598018186000,
  "model/models.js": 1599412646000,
  "model/formatter.js": 1598829398000,
  "localService/mockserver.js": 1598018186000,
  "controller/UsuariosList.controller.js": 1599416152000,
  "controller/Temas.controller.js": 1599738256169,
  "controller/NotFound.controller.js": 1598018186000,
  "controller/ErrorHandler.js": 1599341167000,
  "controller/DetalhesUsuario.controller.js": 1599482903000,
  "controller/DetalhesTema.controller.js": 1599738324126,
  "i18n/i18n.properties": 1599485933000,
  "controller/App.controller.js": 1598018186000,
  "Component.js": 1599326143000,
  "manifest-bundle.zip": 1599738485554,
  "Component-preload.js": 1599738485971,
  "test/integration/opaTests.qunit-dbg.js": 1598018186000,
  "test/unit/model/formatter-dbg.js": 1598018186000,
  "test/unit/helper/FakeI18nModel-dbg.js": 1598018186000,
  "test/integration/pages/App-dbg.js": 1598018186000,
  "test/integration/arrangements/Startup-dbg.js": 1598018186000,
  "test/integration/arrangements/FLP-dbg.js": 1598018186000,
  "test/unit/unitTests.qunit-dbg.js": 1598018186000,
  "test/unit/AllTests-dbg.js": 1598018186000,
  "test/unit/model/models-dbg.js": 1598018186000,
  "test/integration/NavigationJourney-dbg.js": 1598018186000,
  "test/integration/AllJourneys-dbg.js": 1598018186000,
  "test/testsuite.qunit-dbg.js": 1598018186000,
  "test/initFlpSandbox-dbg.js": 1598018186000,
  "test/flpSandbox-dbg.js": 1598018186000,
  "model/models-dbg.js": 1599412646000,
  "model/formatter-dbg.js": 1598829398000,
  "localService/mockserver-dbg.js": 1598018186000,
  "controller/UsuariosList-dbg.controller.js": 1599416152000,
  "controller/Temas-dbg.controller.js": 1599738256169,
  "controller/NotFound-dbg.controller.js": 1598018186000,
  "controller/ErrorHandler-dbg.js": 1599341167000,
  "controller/DetalhesUsuario-dbg.controller.js": 1599482903000,
  "controller/DetalhesTema-dbg.controller.js": 1599738324126,
  "controller/BaseController-dbg.js": 1598576178000,
  "controller/App-dbg.controller.js": 1598018186000,
  "Component-dbg.js": 1599326143000,
  "resources.json": 1599738486113,
  "view/fragments/Representantes.fragment.xml": 1599442885000,
  "view/fragments/ComissoesRepresentante.fragment.xml": 1599430293000,
  "view/fragments/Comissoes.fragment.xml": 1599098041000,
  "test/unit/unitTests.qunit.html": 1598018186000,
  "test/integration/opaTests.qunit.html": 1598018186000,
  "view/UsuariosList.view.xml": 1599483339000,
  "view/Temas.view.xml": 1599655764000,
  "view/ObjectNotFound.view.xml": 1598018186000,
  "view/NotFound.view.xml": 1598018186000,
  "view/DetalhesUsuario.view.xml": 1599485382000,
  "view/DetalhesTema.view.xml": 1599486877000,
  "view/App.view.xml": 1598018186000,
  "test/testsuite.qunit.html": 1598018186000,
  "test/flpSandbox.html": 1598018186000,
  "localService/metadata.xml": 1598018186000,
  "test.html": 1598018186000,
  "index.html": 1599015296000
}