{
  "controller/ReguladoresList-dbg.controller.js": 1608320672000,
  "i18n/i18n_pt_BR.properties": 1609188985000,
  "localService/mockserver.js": 1608320672000,
  "model/CriteriosAvaliacao.json": 1608320672000,
  "manifest.json": 1610563283298,
  "model/models.js": 1608320672000,
  "model/jqueryMask.js": 1608320672000,
  "model/formatter.js": 1608320672000,
  "model/ExportFields.json": 1608320672000,
  "libs/stackblur.js": 1608320672000,
  "libs/rgbcolor.js": 1608320672000,
  "libs/jsPDF.js": 1608320672000,
  "libs/canvg.js": 1608320672000,
  "controller/UsuariosList.controller.js": 1608320672000,
  "controller/TiposAlertaList.controller.js": 1608320672000,
  "controller/Temas.controller.js": 1609188678000,
  "controller/ReguladoresList.controller.js": 1608320672000,
  "controller/NotFound.controller.js": 1608320672000,
  "controller/ErrorHandler.js": 1608320672000,
  "controller/DetalhesUsuario.controller.js": 1608320672000,
  "controller/DetalhesTipoAlerta.controller.js": 1608320672000,
  "controller/DetalhesTema.controller.js": 1609336917000,
  "controller/DetalhesRegulador.controller.js": 1608320672000,
  "controller/DetalhesComissao.controller.js": 1608320672000,
  "controller/ComissoesList.controller.js": 1608320672000,
  "controller/BaseController.js": 1608320672000,
  "controller/App.controller.js": 1608320672000,
  "Component.js": 1608320672000,
  "manifest-bundle.zip": 1610563278977,
  "Component-preload.js": 1610563281749,
  "controller/Temas-dbg.controller.js": 1609188678000,
  "model/jqueryMask-dbg.js": 1608320672000,
  "model/formatter-dbg.js": 1608320672000,
  "libs/stackblur-dbg.js": 1608320672000,
  "libs/rgbcolor-dbg.js": 1608320672000,
  "libs/jsPDF-dbg.js": 1608320672000,
  "libs/canvg-dbg.js": 1608320672000,
  "localService/mockserver-dbg.js": 1608320672000,
  "controller/UsuariosList-dbg.controller.js": 1608320672000,
  "controller/TiposAlertaList-dbg.controller.js": 1608320672000,
  "model/models-dbg.js": 1608320672000,
  "i18n/i18n.properties": 1609188993000,
  "controller/NotFound-dbg.controller.js": 1608320672000,
  "controller/ErrorHandler-dbg.js": 1608320672000,
  "controller/DetalhesUsuario-dbg.controller.js": 1608320672000,
  "controller/DetalhesTipoAlerta-dbg.controller.js": 1608320672000,
  "controller/DetalhesTema-dbg.controller.js": 1609336917000,
  "controller/DetalhesRegulador-dbg.controller.js": 1608320672000,
  "controller/DetalhesComissao-dbg.controller.js": 1608320672000,
  "controller/ComissoesList-dbg.controller.js": 1608320672000,
  "controller/BaseController-dbg.js": 1608320672000,
  "controller/App-dbg.controller.js": 1608320672000,
  "Component-dbg.js": 1608320672000,
  "resources.json": 1610563283308,
  "view/fragments/UsuariosAlerta.fragment.xml": 1608320672000,
  "view/fragments/Representantes.fragment.xml": 1608320672000,
  "view/fragments/Reguladores.fragment.xml": 1608320672000,
  "view/fragments/ExportUsuarios.fragment.xml": 1608320672000,
  "view/fragments/ExportTemas.fragment.xml": 1608320672000,
  "view/fragments/DetalhesAlerta.fragment.xml": 1608320672000,
  "view/fragments/DashBoard.fragment.xml": 1608320672000,
  "view/fragments/CriteriosAvaliacaoReview.fragment.xml": 1608320672000,
  "view/fragments/CriteriosAvaliacao.fragment.xml": 1608320672000,
  "view/fragments/ComissoesRepresentante.fragment.xml": 1608320672000,
  "view/fragments/Comissoes.fragment.xml": 1608320672000,
  "view/fragments/Calendario.fragment.xml": 1608320672000,
  "view/fragments/AvaliacaoDetalhesPopover.fragment.xml": 1608320672000,
  "view/UsuariosList.view.xml": 1608320672000,
  "view/TiposAlertaList.view.xml": 1608320672000,
  "view/Temas.view.xml": 1608320672000,
  "view/ReguladoresList.view.xml": 1608320672000,
  "view/ObjectNotFound.view.xml": 1608320672000,
  "view/NotFound.view.xml": 1608320672000,
  "view/DetalhesUsuario.view.xml": 1608320672000,
  "view/DetalhesTipoAlerta.view.xml": 1608320672000,
  "view/DetalhesTema.view.xml": 1608320672000,
  "view/DetalhesRegulador.view.xml": 1608320672000,
  "view/DetalhesComissao.view.xml": 1608320672000,
  "view/ComissoesList.view.xml": 1608320672000,
  "view/App.view.xml": 1608320672000,
  "localService/metadata.xml": 1608320672000,
  "test.html": 1608320672000,
  "index.html": 1608320672000
}